{
    "uvs":[],
    "vertices":[-6.04779e-09,-3.1818e-07,-7.27912,-1.42009,-3.12067e-07,-7.13925,-2.7856,-2.9396e-07,-6.72503,-4.04406,-2.64557e-07,-6.05236,-5.14711,-2.24987e-07,-5.14711,-6.05236,-1.76771e-07,-4.04406,-6.72503,-1.21762e-07,-2.7856,-7.13925,-6.20739e-08,-1.42009,-7.27912,-2.46896e-14,-5.64832e-07,-7.13925,6.20739e-08,1.42008,-6.72503,1.21762e-07,2.7856,-6.05236,1.76771e-07,4.04406,-5.14711,2.24987e-07,5.14711,-4.04406,2.64557e-07,6.05236,-2.7856,2.9396e-07,6.72503,-1.42008,3.12067e-07,7.13925,2.36579e-06,3.1818e-07,7.27912,1.42009,3.12067e-07,7.13925,2.7856,2.9396e-07,6.72502,4.04406,2.64557e-07,6.05236,5.14712,2.24987e-07,5.14711,6.05237,1.76771e-07,4.04406,6.72503,1.21762e-07,2.78559,7.13925,6.20736e-08,1.42008,7.27912,-3.07902e-13,-7.04398e-06,7.13925,-6.20742e-08,-1.42009,6.72502,-1.21763e-07,-2.7856,6.05236,-1.76772e-07,-4.04407,5.14711,-2.24988e-07,-5.14712,4.04405,-2.64557e-07,-6.05237,2.78559,-2.9396e-07,-6.72503,1.42007,-3.12067e-07,-7.13925,-1.4776e-07,-2.07384e-07,-4.74439,-0.925584,-2.03399e-07,-4.65323,-1.8156,-1.91598e-07,-4.38324,-2.63584,-1.72433e-07,-3.94481,-3.35479,-1.46643e-07,-3.35479,-3.94481,-1.15216e-07,-2.63584,-4.38324,-7.93624e-08,-1.8156,-4.65323,-4.04586e-08,-0.925585,-4.74439,-5.24604e-14,-1.20015e-06,-4.65323,4.04585e-08,0.925583,-4.38324,7.93623e-08,1.8156,-3.94481,1.15216e-07,2.63584,-3.35479,1.46642e-07,3.35479,-2.63584,1.72433e-07,3.94481,-1.8156,1.91598e-07,4.38324,-0.925583,2.03399e-07,4.65322,1.39816e-06,2.07384e-07,4.74439,0.925586,2.03399e-07,4.65322,1.8156,1.91598e-07,4.38324,2.63584,1.72433e-07,3.94481,3.35479,1.46642e-07,3.35479,3.94482,1.15216e-07,2.63584,4.38324,7.93621e-08,1.81559,4.65323,4.04584e-08,0.925579,4.74439,-2.37053e-13,-5.42314e-06,4.65322,-4.04588e-08,-0.92559,4.38324,-7.93626e-08,-1.8156,3.94481,-1.15217e-07,-2.63585,3.35478,-1.46643e-07,-3.35479,2.63584,-1.72434e-07,-3.94482,1.81559,-1.91598e-07,-4.38325,0.925577,-2.03399e-07,-4.65323],
    "normals":[2.39013e-15,-1,4.37114e-08,-1.19507e-15,-1,4.37114e-08,1.19507e-15,-1,4.37114e-08,0,-1,4.37114e-08,-5.37779e-15,-1,4.37114e-08,1.19507e-15,-1,4.37114e-08,0,-1,4.37114e-08,0,-1,4.37114e-08,5.97533e-16,-1,4.37114e-08,-1.49383e-15,-1,4.37114e-08,-5.97533e-16,-1,4.37114e-08,-3.5852e-15,-1,4.37114e-08,-5.97533e-16,-1,4.37114e-08,0,-1,4.37114e-08,1.49383e-16,-1,4.37114e-08,2.39013e-15,-1,4.37114e-08,-9.56054e-15,-1,4.37114e-08,-3.5852e-15,-1,4.37114e-08,0,-1,4.37114e-08,-4.78026e-15,-1,4.37114e-08,-4.78027e-15,-1,4.37114e-08,9.56053e-15,-1,4.37114e-08,2.39013e-15,-1,4.37114e-08,-1.43408e-14,-1,4.37114e-08,4.78027e-15,-1,4.37114e-08,9.56061e-15,-1,4.37114e-08,-4.78026e-15,-1,4.37114e-08,-1.34445e-15,-1,4.37114e-08],
    "metadata":{
        "type":"Geometry",
        "version":3,
        "vertices":64,
        "faces":32,
        "uvs":0,
        "normals":28,
        "generator":"io_three"
    },
    "faces":[33,20,19,51,52,0,0,0,0,33,7,6,38,39,1,1,1,1,33,21,20,52,53,2,2,2,2,33,8,7,39,40,3,3,3,3,33,22,21,53,54,4,4,4,4,33,9,8,40,41,5,5,5,5,33,23,22,54,55,6,6,6,6,33,10,9,41,42,7,7,7,7,33,24,23,55,56,8,8,8,8,33,11,10,42,43,9,9,9,9,33,25,24,56,57,10,10,10,10,33,12,11,43,44,11,11,11,11,33,26,25,57,58,12,12,12,12,33,13,12,44,45,13,13,13,13,33,27,26,58,59,14,14,14,14,33,14,13,45,46,15,15,15,15,33,1,0,32,33,16,16,16,16,33,28,27,59,60,17,17,17,17,33,15,14,46,47,18,18,18,18,33,2,1,33,34,3,3,3,3,33,29,28,60,61,6,6,6,6,33,16,15,47,48,19,19,19,19,33,3,2,34,35,20,20,20,20,33,30,29,61,62,7,7,7,7,33,17,16,48,49,21,21,21,21,33,4,3,35,36,22,22,22,22,33,31,30,62,63,7,7,7,7,33,18,17,49,50,23,23,23,23,33,5,4,36,37,24,24,24,24,33,0,31,63,32,25,25,25,25,33,19,18,50,51,26,26,26,26,33,6,5,37,38,27,27,27,27]
}